Workbook

Sheet Dashboard
B1: Sales Performance & Revenue Growth Dashboard
B2: Nova Retail | Jan–Dec 2025 | All figures in INR
B5: TOTAL REVENUE | E5: TOTAL ORDERS | H5: TOTAL UNITS SOLD | K5: AVG ORDER VALUE
B6: =SUM(Sales_Data!$G:$G) -> 382704 | E6: =COUNTA(Sales_Data!$A:$A)-1 -> 200 | H6: =SUM(Sales_Data!$E:$E) -> 496 | K6: =IF(E6=0,"N/A",B6/E6) -> 1913.52

Sheet Sales_Data
A1: Order_ID | B1: Order_Date | C1: Product | D1: Category | E1: Quantity | F1: Unit_Price_INR | G1: Revenue_INR
A2: NR-2025-0001 | B2: 45658 | C2: USB-C Hub | D2: Electronics | E2: 1 | F2: 1499 | G2: =E2*F2 -> 1499
A3: NR-2025-0002 | B3: 45660 | C3: Wireless Mouse | D3: Electronics | E3: 1 | F3: 799 | G3: =E3*F3 -> 799
A4: NR-2025-0003 | B4: 45660 | C4: USB-C Hub | D4: Electronics | E4: 2 | F4: 1499 | G4: =E4*F4 -> 2998
A5: NR-2025-0004 | B5: 45663 | C5: Notebook Set | D5: Stationery | E5: 2 | F5: 299 | G5: =E5*F5 -> 598
A6: NR-2025-0005 | B6: 45665 | C6: Wireless Mouse | D6: Electronics | E6: 5 | F6: 799 | G6: =E6*F6 -> 3995
A7: NR-2025-0006 | B7: 45669 | C7: Notebook Set | D7: Stationery | E7: 1 | F7: 299 | G7: =E7*F7 -> 299
A8: NR-2025-0007 | B8: 45670 | C8: Wireless Mouse | D8: Electronics | E8: 4 | F8: 799 | G8: =E8*F8 -> 3196
A9: NR-2025-0008 | B9: 45673 | C9: Notebook Set | D9: Stationery | E9: 2 | F9: 299 | G9: =E9*F9 -> 598
A10: NR-2025-0009 | B10: 45674 | C10: USB-C Hub | D10: Electronics | E10: 2 | F10: 1499 | G10: =E10*F10 -> 2998
A11: NR-2025-0010 | B11: 45675 | C11: Wireless Mouse | D11: Electronics | E11: 1 | F11: 799 | G11: =E11*F11 -> 799
A12: NR-2025-0011 | B12: 45676 | C12: Wireless Mouse | D12: Electronics | E12: 1 | F12: 799 | G12: =E12*F12 -> 799
A13: NR-2025-0012 | B13: 45678 | C13: Notebook Set | D13: Stationery | E13: 1 | F13: 299 | G13: =E13*F13 -> 299
... A201: NR-2025-0200 | B201: 46021 | C201: Wireless Mouse | D201: Electronics | E201: 4 | F201: 799 | G201: =E201*F201 -> 3196

Sheet Monthly_Analysis
B1: Monthly Analysis
B4: Month | C4: Month Start | D4: Total Revenue (INR) | E4: Orders | F4: Units Sold | G4: Avg Order Value (INR) | H4: MoM Revenue Growth % | I4: Chart helper: Growth ≥ 0 | J4: Chart helper: Growth < 0
B5: Jan 2025 | C5: 45658 | D5: =SUMIFS(Sales_Data!$G:$G,Sales_Data!$B:$B,">="&$C5,Sales_Data!$B:$B,"<"&EDATE($C5,1)) -> 26068 | E5: =COUNTIFS(Sales_Data!$B:$B,">="&$C5,Sales_Data!$B:$B,"<"&EDATE($C5,1)) -> 14 | F5: =SUMIFS(Sales_Data!$E:$E,Sales_Data!$B:$B,">="&$C5,Sales_Data!$B:$B,"<"&EDATE($C5,1)) -> 32 | G5: =IF(E5=0,"N/A",D5/E5) -> 1862 | H5: N/A | I5: =IF(ISNUMBER(H5),IF(H5>=0,H5,0),0) -> 0 | J5: =IF(ISNUMBER(H5),IF(H5<0,H5,0),0) -> 0
B6: Feb 2025 | C6: 45689 | D6: =SUMIFS(Sales_Data!$G:$G,Sales_Data!$B:$B,">="&$C6,Sales_Data!$B:$B,"<"&EDATE($C6,1)) -> 26465 | E6: =COUNTIFS(Sales_Data!$B:$B,">="&$C6,Sales_Data!$B:$B,"<"&EDATE($C6,1)) -> 13 | F6: =SUMIFS(Sales_Data!$E:$E,Sales_Data!$B:$B,">="&$C6,Sales_Data!$B:$B,"<"&EDATE($C6,1)) -> 35 | G6: =IF(E6=0,"N/A",D6/E6) -> 2035.7692 | H6: =IF(D5=0,"N/A",(D6-D5)/D5) -> 0.0152294 | I6: =IF(ISNUMBER(H6),IF(H6>=0,H6,0),0) -> 0.0152294 | J6: =IF(ISNUMBER(H6),IF(H6<0,H6,0),0) -> 0
B7: Mar 2025 | C7: 45717 | D7: =SUMIFS(Sales_Data!$G:$G,Sales_Data!$B:$B,">="&$C7,Sales_Data!$B:$B,"<"&EDATE($C7,1)) -> 37452 | E7: =COUNTIFS(Sales_Data!$B:$B,">="&$C7,Sales_Data!$B:$B,"<"&EDATE($C7,1)) -> 16 | F7: =SUMIFS(Sales_Data!$E:$E,Sales_Data!$B:$B,">="&$C7,Sales_Data!$B:$B,"<"&EDATE($C7,1)) -> 48 | G7: =IF(E7=0,"N/A",D7/E7) -> 2340.75 | H7: =IF(D6=0,"N/A",(D7-D6)/D6) -> 0.41515209 | I7: =IF(ISNUMBER(H7),IF(H7>=0,H7,0),0) -> 0.41515209 | J7: =IF(ISNUMBER(H7),IF(H7<0,H7,0),0) -> 0
B8: Apr 2025 | C8: 45748 | D8: =SUMIFS(Sales_Data!$G:$G,Sales_Data!$B:$B,">="&$C8,Sales_Data!$B:$B,"<"&EDATE($C8,1)) -> 34263 | E8: =COUNTIFS(Sales_Data!$B:$B,">="&$C8,Sales_Data!$B:$B,"<"&EDATE($C8,1)) -> 15 | F8: =SUMIFS(Sales_Data!$E:$E,Sales_Data!$B:$B,">="&$C8,Sales_Data!$B:$B,"<"&EDATE($C8,1)) -> 37 | G8: =IF(E8=0,"N/A",D8/E8) -> 2284.2 | H8: =IF(D7=0,"N/A",(D8-D7)/D7) -> -0.085148991 | I8: =IF(ISNUMBER(H8),IF(H8>=0,H8,0),0) -> 0 | J8: =IF(ISNUMBER(H8),IF(H8<0,H8,0),0) -> -0.085148991
B9: May 2025 | C9: 45778 | D9: =SUMIFS(Sales_Data!$G:$G,Sales_Data!$B:$B,">="&$C9,Sales_Data!$B:$B,"<"&EDATE($C9,1)) -> 38152 | E9: =COUNTIFS(Sales_Data!$B:$B,">="&$C9,Sales_Data!$B:$B,"<"&EDATE($C9,1)) -> 17 | F9: =SUMIFS(Sales_Data!$E:$E,Sales_Data!$B:$B,">="&$C9,Sales_Data!$B:$B,"<"&EDATE($C9,1)) -> 48 | G9: =IF(E9=0,"N/A",D9/E9) -> 2244.2353 | H9: =IF(D8=0,"N/A",(D9-D8)/D8) -> 0.11350436 | I9: =IF(ISNUMBER(H9),IF(H9>=0,H9,0),0) -> 0.11350436 | J9: =IF(ISNUMBER(H9),IF(H9<0,H9,0),0) -> 0
B10: Jun 2025 | C10: 45809 | D10: =SUMIFS(Sales_Data!$G:$G,Sales_Data!$B:$B,">="&$C10,Sales_Data!$B:$B,"<"&EDATE($C10,1)) -> 37359 | E10: =COUNTIFS(Sales_Data!$B:$B,">="&$C10,Sales_Data!$B:$B,"<"&EDATE($C10,1)) -> 15 | F10: =SUMIFS(Sales_Data!$E:$E,Sales_Data!$B:$B,">="&$C10,Sales_Data!$B:$B,"<"&EDATE($C10,1)) -> 41 | G10: =IF(E10=0,"N/A",D10/E10) -> 2490.6 | H10: =IF(D9=0,"N/A",(D10-D9)/D9) -> -0.02078528 | I10: =IF(ISNUMBER(H10),IF(H10>=0,H10,0),0) -> 0 | J10: =IF(ISNUMBER(H10),IF(H10<0,H10,0),0) -> -0.02078528
B11: Jul 2025 | C11: 45839 | D11: =SUMIFS(Sales_Data!$G:$G,Sales_Data!$B:$B,">="&$C11,Sales_Data!$B:$B,"<"&EDATE($C11,1)) -> 16975 | E11: =COUNTIFS(Sales_Data!$B:$B,">="&$C11,Sales_Data!$B:$B,"<"&EDATE($C11,1)) -> 12 | F11: =SUMIFS(Sales_Data!$E:$E,Sales_Data!$B:$B,">="&$C11,Sales_Data!$B:$B,"<"&EDATE($C11,1)) -> 25 | G11: =IF(E11=0,"N/A",D11/E11) -> 1414.5833 | H11: =IF(D10=0,"N/A",(D11-D10)/D10) -> -0.54562488 | I11: =IF(ISNUMBER(H11),IF(H11>=0,H11,0),0) -> 0 | J11: =IF(ISNUMBER(H11),IF(H11<0,H11,0),0) -> -0.54562488
B12: Aug 2025 | C12: 45870 | D12: =SUMIFS(Sales_Data!$G:$G,Sales_Data!$B:$B,">="&$C12,Sales_Data!$B:$B,"<"&EDATE($C12,1)) -> 17871 | E12: =COUNTIFS(Sales_Data!$B:$B,">="&$C12,Sales_Data!$B:$B,"<"&EDATE($C12,1)) -> 14 | F12: =SUMIFS(Sales_Data!$E:$E,Sales_Data!$B:$B,">="&$C12,Sales_Data!$B:$B,"<"&EDATE($C12,1)) -> 29 | G12: =IF(E12=0,"N/A",D12/E12) -> 1276.5 | H12: =IF(D11=0,"N/A",(D12-D11)/D11) -> 0.052783505 | I12: =IF(ISNUMBER(H12),IF(H12>=0,H12,0),0) -> 0.052783505 | J12: =IF(ISNUMBER(H12),IF(H12<0,H12,0),0) -> 0
B13: Sep 2025 | C13: 45901 | D13: =SUMIFS(Sales_Data!$G:$G,Sales_Data!$B:$B,">="&$C13,Sales_Data!$B:$B,"<"&EDATE($C13,1)) -> 26956 | E13: =COUNTIFS(Sales_Data!$B:$B,">="&$C13,Sales_Data!$B:$B,"<"&EDATE($C13,1)) -> 18 | F13: =SUMIFS(Sales_Data!$E:$E,Sales_Data!$B:$B,">="&$C13,Sales_Data!$B:$B,"<"&EDATE($C13,1)) -> 44 | G13: =IF(E13=0,"N/A",D13/E13) -> 1497.5556 | H13: =IF(D12=0,"N/A",(D13-D12)/D12) -> 0.50836551 | I13: =IF(ISNUMBER(H13),IF(H13>=0,H13,0),0) -> 0.50836551 | J13: =IF(ISNUMBER(H13),IF(H13<0,H13,0),0) -> 0
B14: Oct 2025 | C14: 45931 | D14: =SUMIFS(Sales_Data!$G:$G,Sales_Data!$B:$B,">="&$C14,Sales_Data!$B:$B,"<"&EDATE($C14,1)) -> 27358 | E14: =COUNTIFS(Sales_Data!$B:$B,">="&$C14,Sales_Data!$B:$B,"<"&EDATE($C14,1)) -> 20 | F14: =SUMIFS(Sales_Data!$E:$E,Sales_Data!$B:$B,">="&$C14,Sales_Data!$B:$B,"<"&EDATE($C14,1)) -> 42 | G14: =IF(E14=0,"N/A",D14/E14) -> 1367.9 | H14: =IF(D13=0,"N/A",(D14-D13)/D13) -> 0.014913192 | I14: =IF(ISNUMBER(H14),IF(H14>=0,H14,0),0) -> 0.014913192 | J14: =IF(ISNUMBER(H14),IF(H14<0,H14,0),0) -> 0
B15: Nov 2025 | C15: 45962 | D15: =SUMIFS(Sales_Data!$G:$G,Sales_Data!$B:$B,">="&$C15,Sales_Data!$B:$B,"<"&EDATE($C15,1)) -> 48345 | E15: =COUNTIFS(Sales_Data!$B:$B,">="&$C15,Sales_Data!$B:$B,"<"&EDATE($C15,1)) -> 24 | F15: =SUMIFS(Sales_Data!$E:$E,Sales_Data!$B:$B,">="&$C15,Sales_Data!$B:$B,"<"&EDATE($C15,1)) -> 55 | G15: =IF(E15=0,"N/A",D15/E15) -> 2014.375 | H15: =IF(D14=0,"N/A",(D15-D14)/D14) -> 0.76712479 | I15: =IF(ISNUMBER(H15),IF(H15>=0,H15,0),0) -> 0.76712479 | J15: =IF(ISNUMBER(H15),IF(H15<0,H15,0),0) -> 0
B16: Dec 2025 | C16: 45992 | D16: =SUMIFS(Sales_Data!$G:$G,Sales_Data!$B:$B,">="&$C16,Sales_Data!$B:$B,"<"&EDATE($C16,1)) -> 45440 | E16: =COUNTIFS(Sales_Data!$B:$B,">="&$C16,Sales_Data!$B:$B,"<"&EDATE($C16,1)) -> 22 | F16: =SUMIFS(Sales_Data!$E:$E,Sales_Data!$B:$B,">="&$C16,Sales_Data!$B:$B,"<"&EDATE($C16,1)) -> 60 | G16: =IF(E16=0,"N/A",D16/E16) -> 2065.4545 | H16: =IF(D15=0,"N/A",(D16-D15)/D15) -> -0.060088944 | I16: =IF(ISNUMBER(H16),IF(H16>=0,H16,0),0) -> 0 | J16: =IF(ISNUMBER(H16),IF(H16<0,H16,0),0) -> -0.060088944
B17: Total | D17: =SUM(D5:D16) -> 382704 | E17: =SUM(E5:E16) -> 200 | F17: =SUM(F5:F16) -> 496 | G17: =IF(E17=0,"N/A",D17/E17) -> 1913.52
B19: Reconciliation check
B20: Sum of Sales_Data revenue | D20: =SUM(Sales_Data!$G:$G) -> 382704
B21: Monthly total − source total | D21: =D17-D20 -> 0
B22: Status | D22: =IF(D21=0,"OK – monthly totals match source","CHECK – mismatch") -> OK – monthly totals match source

Sheet Product_Analysis
B1: Product & Category Analysis
B4: Product analysis
B5: Product | C5: Category | D5: Unit Price (INR) | E5: Revenue (INR) | F5: Units Sold | G5: Transactions | H5: Revenue Share % | I5: Revenue Rank
B6: Wireless Mouse | C6: Electronics | D6: 799 | E6: =SUMIFS(Sales_Data!$G:$G,Sales_Data!$C:$C,$B6) -> 162197 | F6: =SUMIFS(Sales_Data!$E:$E,Sales_Data!$C:$C,$B6) -> 203 | G6: =COUNTIFS(Sales_Data!$C:$C,$B6) -> 81 | H6: =IFERROR(E6/$E$10,0) -> 0.42381841 | I6: =RANK(E6,$E$6:$E$9,0) -> 1
B7: USB-C Hub | C7: Electronics | D7: 1499 | E7: =SUMIFS(Sales_Data!$G:$G,Sales_Data!$C:$C,$B7) -> 137908 | F7: =SUMIFS(Sales_Data!$E:$E,Sales_Data!$C:$C,$B7) -> 92 | G7: =COUNTIFS(Sales_Data!$C:$C,$B7) -> 31 | H7: =IFERROR(E7/$E$10,0) -> 0.3603516 | I7: =RANK(E7,$E$6:$E$9,0) -> 2
B8: Notebook Set | C8: Stationery | D8: 299 | E8: =SUMIFS(Sales_Data!$G:$G,Sales_Data!$C:$C,$B8) -> 37674 | F8: =SUMIFS(Sales_Data!$E:$E,Sales_Data!$C:$C,$B8) -> 126 | G8: =COUNTIFS(Sales_Data!$C:$C,$B8) -> 58 | H8: =IFERROR(E8/$E$10,0) -> 0.098441615 | I8: =RANK(E8,$E$6:$E$9,0) -> 4
B9: Desk Organizer | C9: Office Supplies | D9: 599 | E9: =SUMIFS(Sales_Data!$G:$G,Sales_Data!$C:$C,$B9) -> 44925 | F9: =SUMIFS(Sales_Data!$E:$E,Sales_Data!$C:$C,$B9) -> 75 | G9: =COUNTIFS(Sales_Data!$C:$C,$B9) -> 30 | H9: =IFERROR(E9/$E$10,0) -> 0.11738837 | I9: =RANK(E9,$E$6:$E$9,0) -> 3
B10: Total | E10: =SUM(E6:E9) -> 382704 | F10: =SUM(F6:F9) -> 496 | G10: =SUM(G6:G9) -> 200 | H10: =SUM(H6:H9) -> 1
B12: Category analysis
B13: Category | C13: Revenue (INR) | D13: Units Sold | E13: Transactions | F13: Revenue Share % | G13: Revenue Rank
B14: Electronics | C14: =SUMIFS(Sales_Data!$G:$G,Sales_Data!$D:$D,$B14) -> 300105 | D14: =SUMIFS(Sales_Data!$E:$E,Sales_Data!$D:$D,$B14) -> 295 | E14: =COUNTIFS(Sales_Data!$D:$D,$B14) -> 112 | F14: =IFERROR(C14/$C$17,0) -> 0.78417001 | G14: =RANK(C14,$C$14:$C$16,0) -> 1
B15: Stationery | C15: =SUMIFS(Sales_Data!$G:$G,Sales_Data!$D:$D,$B15) -> 37674 | D15: =SUMIFS(Sales_Data!$E:$E,Sales_Data!$D:$D,$B15) -> 126 | E15: =COUNTIFS(Sales_Data!$D:$D,$B15) -> 58 | F15: =IFERROR(C15/$C$17,0) -> 0.098441615 | G15: =RANK(C15,$C$14:$C$16,0) -> 3
B16: Office Supplies | C16: =SUMIFS(Sales_Data!$G:$G,Sales_Data!$D:$D,$B16) -> 44925 | D16: =SUMIFS(Sales_Data!$E:$E,Sales_Data!$D:$D,$B16) -> 75 | E16: =COUNTIFS(Sales_Data!$D:$D,$B16) -> 30 | F16: =IFERROR(C16/$C$17,0) -> 0.11738837 | G16: =RANK(C16,$C$14:$C$16,0) -> 2
B17: Total | C17: =SUM(C14:C16) -> 382704 | D17: =SUM(D14:D16) -> 496 | E17: =SUM(E14:E16) -> 200 | F17: =SUM(F14:F16) -> 1
B19: Reconciliation checks
B20: Source total revenue | E20: =SUM(Sales_Data!$G:$G) -> 382704
B21: Product total − source | E21: =E10-E20 -> 0
B22: Category total − source | E22: =C17-E20 -> 0
B23: Status | E23: =IF(AND(E21=0,E22=0),"OK – product and category totals match source","CHECK – mismatch") -> OK – product and category totals match source
